"highSchool","name","position","Posiciones","shoots","anio","mes","dia","Altura_CM","Altura_CM_DOS","PesoNuevo"
"Oak Hill Academy in Mouth of Wilson, Virginia","Alex Abrines","Shooting Guard","Shooting","Right","1993","08","01",182.88,182.88,90
"High Point Christian Academy in High Point, North Carolina","Bam Adebayo","Center","Center","Right","1997","07","18",182.88,304.8,114.75
"Oak Hill Academy in Mouth of Wilson, Virginia","Alexis Ajinca","Power Forward and Center","Power","Right","1988","05","06",213.36,60.96,111.6
"Oak Hill Academy in Mouth of Wilson, Virginia","Furkan Aldemir","Power Forward","Power","Right","1991","08","09",182.88,304.8,108
"Oak Hill Academy in Mouth of Wilson, Virginia","David Andersen","Power Forward and Center","Power","Right","1980","06","23",182.88,335.28,110.25
"Oak Hill Academy in Mouth of Wilson, Virginia","Martynas Andriuskevicius","Center","Center","Right","1986","03","12",213.36,60.96,108
"Catholic Regional College in Melbourne, Australia","Chris Anstey","Center","Center","Right","1975","01","01",213.36,0,112.05
"Oak Hill Academy in Mouth of Wilson, Virginia","Giannis Antetokounmpo","Point Guard and Power Forward and Small Forward and Shooting Guard","Point","Right","1994","12","06",182.88,335.28,108.9
"Oak Hill Academy in Mouth of Wilson, Virginia","Thanasis Antetokounmpo","Small Forward","Small","Right","1992","07","17",182.88,213.36,92.25
"Oak Hill Academy in Mouth of Wilson, Virginia","Pero Antic","Center","Center","Right","1982","07","29",182.88,335.28,117
"Oak Hill Academy in Mouth of Wilson, Virginia","Omer Asik","Center","Center","Right","1986","07","04",213.36,0,114.75
"Oak Hill Academy in Mouth of Wilson, Virginia","Gustavo Ayon","Center and Power Forward","Center","Right","1985","04","01",182.88,304.8,112.5
"Victory Christian in Tulsa, Oklahoma","Kelenna Azubuike","Shooting Guard and Small Forward","Shooting","Right","1983","12","16",182.88,152.4,99
"Oak Hill Academy in Mouth of Wilson, Virginia","Dalibor Bagaric","Center","Center","Right","1980","02","07",213.36,30.48,114.75
"Oak Hill Academy in Mouth of Wilson, Virginia","Norm Baker","Guard","Guard","Right","1923","02","17",182.88,0,81
"Oak Hill Academy in Mouth of Wilson, Virginia","Leandro Barbosa","Point Guard and Shooting Guard","Point","Right","1982","11","28",182.88,91.44,87.3
"Oak Hill Academy in Mouth of Wilson, Virginia","Andrea Bargnani","Power Forward and Center","Power","Right","1985","10","26",213.36,0,110.25
"Yorktown in Yorktown, Indiana","Cliff Barker","Shooting Guard","Shooting","Right","1921","01","15",182.88,60.96,83.25
"Oak Hill Academy in Mouth of Wilson, Virginia","Mengke Bateer","Center","Center","Right","1975","11","20",182.88,335.28,130.5
"Oak Hill Academy in Mouth of Wilson, Virginia","Esteban Batista","Power Forward","Power","Left","1983","09","02",182.88,304.8,121.5
"Oak Hill Academy in Mouth of Wilson, Virginia","Nicolas Batum","Small Forward and Shooting Guard","Small","Right","1988","12","14",182.88,243.84,90
"Oak Hill Academy in Mouth of Wilson, Virginia","Sergei Bazarevich","Point Guard","Point","Right","1965","03","16",182.88,60.96,75.6
"Male in Louisville, Kentucky","Ralph Beard","Guard","Guard","Right","1927","12","02",152.4,304.8,78.75
"Oak Hill Academy in Mouth of Wilson, Virginia","Rodrigue Beaubois","Point Guard","Point","Right","1988","02","24",182.88,0,76.5
"Oak Hill Academy in Mouth of Wilson, Virginia","Marco Belinelli","Shooting Guard and Small Forward","Shooting","Right","1986","03","25",182.88,152.4,94.5
"Oak Hill Academy in Mouth of Wilson, Virginia","Dragan Bender","Power Forward","Power","Right","1997","11","17",213.36,30.48,101.25
"Picayune Memorial in Picayune, Mississippi","Jonathan Bender","Small Forward","Small","Right","1981","01","30",182.88,335.28,90.9
"Male in Louisville, Kentucky","Winston Bennett","Small Forward","Small","Right","1965","02","09",182.88,213.36,94.5
"Oak Hill Academy in Mouth of Wilson, Virginia","Dairis Bertans","Shooting Guard","Shooting","Right","1989","09","09",182.88,121.92,90
"Oak Hill Academy in Mouth of Wilson, Virginia","Davis Bertans","Power Forward","Power","Right","1992","11","12",182.88,304.8,101.25
"Valters Basketball School in Riga, Latvia","Andris Biedrins","Center","Center","Left","1986","04","02",182.88,335.28,108
"Corbin in Corbin, Kentucky","Jerry Bird","Forward","Forward","Right","1935","02","02",182.88,182.88,94.5
"Oak Hill Academy in Mouth of Wilson, Virginia","Bismack Biyombo","Center","Center","Right","1992","08","28",182.88,274.32,114.75
"Oak Hill Academy in Mouth of Wilson, Virginia","Nemanja Bjelica","Power Forward","Power","Right","1988","05","09",182.88,304.8,105.3
"South Kent School in South Kent, Connecticut","Andray Blatche","Center and Power Forward","Center","Right","1986","08","22",182.88,335.28,105.75
"A.H. Parker in Birmingham, Alabama","Eric Bledsoe","Point Guard","Point","Right","1989","12","09",182.88,30.48,92.25
"DeMatha Catholic in Hyattsville, Maryland","Keith Bogans","Small Forward and Shooting Guard","Small","Right","1980","05","12",182.88,152.4,96.75
"Oak Hill Academy in Mouth of Wilson, Virginia","Bogdan Bogdanovic","Shooting Guard","Shooting","Right","1992","08","18",182.88,182.88,92.25
"Oak Hill Academy in Mouth of Wilson, Virginia","Bojan Bogdanovic","Small Forward","Small","Right","1989","04","18",182.88,243.84,97.2
"Oak Hill Academy in Mouth of Wilson, Virginia","Isaac Bonga","Point Guard","Point","Right","1999","11","08",182.88,243.84,81
"Moss Point in Moss Point, Mississippi","Devin Booker","Shooting Guard","Shooting","Right","1996","10","30",182.88,182.88,94.5
"Oak Hill Academy in Mouth of Wilson, Virginia","Lazaro Borrell","Small Forward","Small","Right","1972","09","20",182.88,243.84,99
"Lebanon in Lebanon, Pennsylvania","Sam Bowie","Center","Center","Right","1961","03","17",213.36,30.48,105.75
"Central in Louisville, Kentucky","Bill Bradley","Shooting Guard","Shooting","Right","1941","06","16",152.4,335.28,74.25
"Redcliffe in Redcliffe, Australia","Mark Bradtke","Center","Center","Right","1968","09","27",182.88,304.8,119.25
"Oak Hill Academy in Mouth of Wilson, Virginia","Primoz Brezec","Center","Center","Right","1979","10","02",213.36,60.96,113.4
"Roselle Catholic in Roselle, New Jersey","Isaiah Briscoe","Point Guard","Point","Right","1996","04","13",182.88,91.44,96.75
"Glynn Academy in Brunswick, Georgia","Kwame Brown","Center and Power Forward","Center","Right","1982","03","10",182.88,335.28,121.5
"South Philadelphia in Philadelphia, Pennsylvania","Stan Brown","Forward","Forward","Right","1929","06","27",182.88,91.44,90
"Tilden in Chicago, Illinois","Jim Browne","Center","Center","Right","1930","01","01",182.88,304.8,105.75
"Oak Hill Academy in Mouth of Wilson, Virginia","Nicolas Brussino","Small Forward and Shooting Guard","Small","Right","1993","03","02",182.88,213.36,87.75
"Lower Merion in Ardmore, Pennsylvania","Kobe Bryant","Shooting Guard and Small Forward","Shooting","Right","1978","08","23",182.88,182.88,95.4
"Wells in Wells, Texas","Bob Burrow","Center","Center","Right","1934","06","29",182.88,213.36,102.6
"Coastal Christian Academy in Virginia Beach, Virginia","Jackie Butler","Center","Center","Right","1985","03","10",182.88,304.8,112.5
"St. Joseph in Metuchen, New Jersey","Andrew Bynum","Center","Center","Right","1987","10","27",213.36,0,128.25
"Oak Hill Academy in Mouth of Wilson, Virginia","Zarko Cabarkapa","Power Forward","Power","Right","1981","05","21",182.88,335.28,105.75
"Oak Hill Academy in Mouth of Wilson, Virginia","Bruno Caboclo","Small Forward","Small","Right","1995","09","21",182.88,274.32,98.1
"Oak Hill Academy in Mouth of Wilson, Virginia","Jose Calderon","Shooting Guard and Point Guard","Shooting","Right","1981","09","28",182.88,91.44,90
"Oak Hill Academy in Mouth of Wilson, Virginia","Clint Capela","Center","Center","Right","1994","05","18",182.88,304.8,108
"Oak Hill Academy in Mouth of Wilson, Virginia","Omri Casspi","Small Forward and Power Forward","Small","Right","1988","06","22",182.88,274.32,101.25
"Olathe Northwest in Olathe, Kansas","Willie Cauley-Stein","Center","Center","Right","1993","08","18",213.36,0,108
"East in Buffalo, New York","Al Cervi","Point Guard","Point","Right","1917","02","12",152.4,335.28,76.5
"Dominguez in Compton, California","Tyson Chandler","Center and Power Forward","Center","Right","1982","10","02",213.36,30.48,108
"Apollo in Owensboro, Kentucky","Rex Chapman","Shooting Guard and Point Guard","Shooting","Right","1967","10","05",182.88,121.92,83.25
"Oak Hill Academy in Mouth of Wilson, Virginia","Victor Claver","Small Forward","Small","Right","1988","08","30",182.88,274.32,100.8
"Corbin in Corbin, Kentucky","Bob Cluggish","Center","Center","Right","1917","09","18",182.88,304.8,105.75
"Ashland in Ashland, Kentucky","Larry Conley","Shooting Guard","Shooting","Right","1944","01","22",182.88,91.44,78.75
"Anderson County in Lawrenceburg, Kentucky","Jimmy Conner","Shooting Guard","Shooting","Right","1953","03","20",182.88,121.92,85.5
"LeFlore Magnet in Mobile, Alabama","DeMarcus Cousins","Center","Center","Right","1990","08","13",182.88,335.28,121.5
"Hazard in Hazard, Kentucky","Johnny Cox","Shooting Guard","Shooting","Right","1936","11","01",182.88,121.92,81
"Renaissance in Detroit, Michigan","Joe Crawford","Small Forward","Small","Right","1986","06","17",182.88,152.4,94.5
"Oak Hill Academy in Mouth of Wilson, Virginia","Mitch Creek","Small Forward","Small","Right","1992","04","27",182.88,152.4,97.2
"Cacak in Cacak, Serbia","Radisav Curcic","Center","Center","Right","1965","09","26",182.88,304.8,123.75
"Thornwood in South Holland, Illinois","Eddy Curry","Power Forward and Center","Power","Right","1982","12","05",213.36,0,132.75
"Oak Hill Academy in Mouth of Wilson, Virginia","Rastko Cvetkovic","Center","Center","Right","1970","06","22",213.36,30.48,117
"Southport in Indianapolis, Indiana","Louie Dampier","Point Guard","Point","Right","1944","11","20",182.88,0,76.5
"Princeton in Cincinnati, Ohio","Erik Daniels","Small Forward","Small","Left","1982","04","01",182.88,243.84,96.3
"Cookeville in Cookeville, Tennessee","Sasha Danilovic","Shooting Guard","Shooting","Right","1970","02","26",182.88,152.4,90
"Oak Hill Academy in Mouth of Wilson, Virginia","Gigi Datome","Small Forward","Small","Right","1987","11","27",182.88,243.84,96.75
"Oak Hill Academy in Mouth of Wilson, Virginia","Kornel David","Small Forward","Small","Right","1971","10","22",182.88,274.32,105.75
"Perspectives Charter School in Chicago, Illinois","Anthony Davis","Power Forward and Center","Power","Right","1993","03","11",182.88,304.8,113.85
"Evans in Orlando, Florida","Darryl Dawkins","Center","Center","Right","1957","01","11",182.88,335.28,112.95
"Oak Hill Academy in Mouth of Wilson, Virginia","Nando De Colo","Shooting Guard and Small Forward","Shooting","Right","1987","06","23",182.88,152.4,90
"Oak Hill Academy in Mouth of Wilson, Virginia","Carlos Delfino","Shooting Guard and Small Forward","Shooting","Right","1982","08","29",182.88,182.88,103.5
"Haywood in Brownsville, Tennessee","Tony Delk","Shooting Guard and Point Guard","Shooting","Right","1974","01","28",182.88,30.48,85.05
"Putnam Science Academy in Putnam, Connecticut","Hamidou Diallo","Shooting Guard","Shooting","Right","1998","07","31",182.88,152.4,89.1
"Oak Hill Academy in Mouth of Wilson, Virginia","Boris Diaw","Power Forward and Shooting Guard","Power","Right","1982","04","16",182.88,243.84,112.5
"Oak Hill Academy in Mouth of Wilson, Virginia","DeSagana Diop","Power Forward and Center","Power","Right","1982","01","30",213.36,0,135
"Belgrade in Belgrade, Serbia","Vlade Divac","Center","Center","Right","1968","02","03",213.36,30.48,109.35
"Oak Hill Academy in Mouth of Wilson, Virginia","Aleksandar Djordjevic","Shooting Guard","Shooting","Right","1967","08","26",182.88,60.96,89.1
"Oak Hill Academy in Mouth of Wilson, Virginia","Luka Doncic","Shooting Guard","Shooting","Right","1999","02","28",182.88,213.36,98.1
"Oak Hill Academy in Mouth of Wilson, Virginia","Goran Dragic","Point Guard and Shooting Guard","Point","Left","1986","05","06",182.88,91.44,85.5
"Oak Hill Academy in Mouth of Wilson, Virginia","Zoran Dragic","Shooting Guard","Shooting","Left","1989","06","22",182.88,152.4,90
"Oak Hill Academy in Mouth of Wilson, Virginia","Predrag Drobnjak","Center","Center","Right","1975","10","27",182.88,335.28,121.5
"Oak Hill Academy in Mouth of Wilson, Virginia","Penny Early","Guard","Guard","Right","1943","05","30",152.4,91.44,51.3
"Westbury Christian School in Houston, Texas","Ndudi Ebi","Shooting Guard and Small Forward","Shooting","Right","1984","06","18",182.88,274.32,90
"Lanier in Jackson, Mississippi","Monta Ellis","Shooting Guard","Shooting","Right","1985","10","26",182.88,91.44,83.25
"Oak Hill Academy in Mouth of Wilson, Virginia","Semih Erden","Center","Center","Right","1986","07","28",213.36,0,108
"Oak Hill Academy in Mouth of Wilson, Virginia","Vincenzo Esposito","Point Guard","Point","Right","1969","03","01",182.88,91.44,89.1
"Lake Ginninderra in Canberra, Australia","Dante Exum","Point Guard","Point","Right","1995","07","13",182.88,182.88,85.5
"Oak Hill Academy in Mouth of Wilson, Virginia","Christian Eyenga","Small Forward","Small","Right","1989","06","22",182.88,152.4,94.5
"Oak Hill Academy in Mouth of Wilson, Virginia","Vitor Faverani","Center","Center","Right","1988","05","05",182.88,335.28,117
"Oak Hill Academy in Mouth of Wilson, Virginia","George Feigenbaum","Point Guard","Point","Right","1929","07","02",182.88,30.48,83.25
"Oak Hill Academy in Mouth of Wilson, Virginia","Cristiano Felicio","Center","Center","Right","1992","07","07",182.88,304.8,119.25
"Advanced Prep International in Dallas, Texas","Terrance Ferguson","Shooting Guard","Shooting","Right","1998","05","17",182.88,213.36,85.5
"Oak Hill Academy in Mouth of Wilson, Virginia","Rudy Fernandez","Shooting Guard","Shooting","Right","1985","04","04",182.88,182.88,83.25
"Oak Hill Academy in Mouth of Wilson, Virginia","Kyrylo Fesenko","Center","Center","Right","1986","12","24",213.36,30.48,129.6
"Westside in Macon, Georgia","Gerald Fitch","Point Guard","Point","Right","1982","08","12",182.88,91.44,84.6
"Jeffersonville in Jeffersonville, Indiana","Mike Flynn","Point Guard and Shooting Guard","Point","Right","1953","07","31",182.88,60.96,81
"Oak Hill Academy in Mouth of Wilson, Virginia","Antonis Fotsis","Power Forward","Power","Right","1981","04","01",182.88,304.8,98.55
"Oak Hill Academy in Mouth of Wilson, Virginia","Evan Fournier","Small Forward and Shooting Guard","Small","Right","1992","10","29",182.88,213.36,92.25
"Cypress Lakes in Katy, Texas","De'Aaron Fox","Point Guard","Point","Left","1997","12","20",182.88,91.44,78.75
"Farnham Heath End School in Farnham, United Kingdom","Joel Freeland","Power Forward and Center","Power","Right","1987","02","07",182.88,304.8,112.5
"Poly in San Francisco, California","Herm Fuetsch","Guard","Guard","Right","1918","07","06",182.88,0,76.5
"Oak Hill Academy in Mouth of Wilson, Virginia","Danilo Gallinari","Small Forward and Shooting Guard and Power Forward","Small","Right","1988","08","08",182.88,304.8,101.25
"Oak Hill Academy in Mouth of Wilson, Virginia","Jorge Garbajosa","Power Forward","Power","Right","1977","12","19",182.88,274.32,110.25
"Oak Hill Academy in Mouth of Wilson, Virginia","Alex Garcia","Shooting Guard","Shooting","Left","1980","03","04",182.88,91.44,99
"Farragut Career Academy in Chicago, Illinois","Kevin Garnett","Small Forward and Center and Power Forward","Small","Right","1976","05","19",182.88,335.28,108
"Lausanne Collegiate School in Memphis, Tennessee","Marc Gasol","Center","Center","Right","1985","01","29",213.36,30.48,114.75
"Oak Hill Academy in Mouth of Wilson, Virginia","Pau Gasol","Center and Power Forward","Center","Right","1980","07","06",213.36,0,112.5
"Oak Hill Academy in Mouth of Wilson, Virginia","Mickael Gelabale","Shooting Guard and Small Forward","Shooting","Right","1983","05","22",182.88,213.36,96.75
"Hamilton Heights Christian HS in Chattanooga, Tennessee","Shai Gilgeous-Alexander","Point Guard","Point","Right","1998","07","12",182.88,182.88,81.45
"Oak Hill Academy in Mouth of Wilson, Virginia","Manu Ginobili","Shooting Guard","Shooting","Left","1977","07","28",182.88,182.88,92.25
"Oak Hill Academy in Mouth of Wilson, Virginia","Gordan Giricek","Small Forward and Shooting Guard","Small","Right","1977","06","20",182.88,182.88,94.5
"Bryan Station in Lexington, Kentucky","Jack Givens","Small Forward","Small","Left","1956","09","21",182.88,152.4,92.25
"Jambol in Jambol, Bulgaria","Georgi Glouchkov","Power Forward","Power","Right","1960","01","10",182.88,243.84,105.75
"Oak Hill Academy in Mouth of Wilson, Virginia","Andreas Glyniadakis","Center","Center","Right","1981","08","21",213.36,30.48,126
"Oak Hill Academy in Mouth of Wilson, Virginia","Rudy Gobert","Center","Center","Right","1992","06","26",213.36,30.48,110.25
"Sylvan Hills in Sherwood, Arkansas","Archie Goodwin","Point Guard and Shooting Guard","Point","Right","1994","08","17",182.88,152.4,90
"St. John's Prep in Brooklyn, New York","Pop Goodwin","Forward/Center","Forward","Right","1920","12","22",182.88,60.96,91.35
"Oak Hill Academy in Mouth of Wilson, Virginia","Marcin Gortat","Power Forward and Center","Power","Right","1984","02","17",182.88,335.28,108
"DeWitt Clinton in Bronx, New York","Leo Gottlieb","Guard","Guard","Right","1920","11","28",152.4,335.28,81
"Tuley in Chicago, Illinois","Joe Graboski","Power Forward and Center","Power","Right","1930","01","15",182.88,213.36,87.75
"Gulf Shores Academy in Houston, Texas","Gerald Green","Shooting Guard and Small Forward","Shooting","Right","1986","01","26",182.88,213.36,92.25
"Taft in Hamilton, Ohio","Kevin Grevey","Shooting Guard and Small Forward","Shooting","Left","1953","05","12",182.88,152.4,94.5
"Martins Ferry in Martins Ferry, Ohio","Alex Groza","Center","Center","Right","1926","10","07",182.88,213.36,98.1
"Manuel Fajardo in Havana, Cuba","Andres Guibert","Center and Power Forward","Center","Right","1968","10","28",182.88,304.8,101.25
"Oak Hill Academy in Mouth of Wilson, Virginia","Hamed Haddadi","Center","Center","Right","1985","05","19",213.36,60.96,114.3
"Owensboro in Owensboro, Kentucky","Cliff Hagan","Small Forward","Small","Right","1931","12","09",182.88,121.92,94.5
"Pulaski County in Somerset, Kentucky","Reggie Hanson","Small Forward","Small","Right","1968","10","06",182.88,243.84,87.75
"Detroit Eastern in Detroit, Michigan","Reggie Harding","Center","Center","Right","1942","05","04",213.36,0,112.05
"St. Charles in St. Charles, Missouri","Josh Harrellson","Power Forward and Center","Power","Right","1989","02","12",182.88,304.8,123.75
"Saint Patrick in Elizabeth, New Jersey","Al Harrington","Power Forward and Center and Small Forward","Power","Right","1980","02","17",182.88,274.32,103.5
"Travis in Pecan Grove, Texas","Aaron Harrison","Shooting Guard","Shooting","Right","1994","10","28",182.88,182.88,94.5
"Travis in Pecan Grove, Texas","Andrew Harrison","Point Guard","Point","Right","1994","10","28",182.88,182.88,95.85
"Oak Hill Academy in Mouth of Wilson, Virginia","Isaiah Hartenstein","Power Forward","Power","Left","1998","05","05",213.36,0,112.05
"Lafayette in Lexington, Kentucky","Vern Hatton","Point Guard and Shooting Guard","Point","Right","1936","01","13",182.88,91.44,87.75
"Modesto Christian in Modesto, California","Chuck Hayes","Center and Power Forward","Center","Right","1983","06","11",182.88,182.88,108
"Upper Yarra Secondary College in Yarra Junction, Australia","Shane Heal","Point Guard","Point","Right","1970","09","06",182.88,0,81
"Oak Hill Academy in Mouth of Wilson, Virginia","Juan Hernangomez","Power Forward","Power","Right","1995","09","28",182.88,274.32,103.5
"Oak Hill Academy in Mouth of Wilson, Virginia","Willy Hernangomez","Center","Center","Right","1994","05","27",182.88,335.28,108
"Oak Hill Academy in Mouth of Wilson, Virginia","Walter Herrmann","Small Forward and Power Forward","Small","Right","1979","06","26",182.88,274.32,101.25
"Oak Hill Academy in Mouth of Wilson, Virginia","Mario Hezonja","Small Forward","Small","Right","1995","02","25",182.88,243.84,101.25
"Oak Hill Academy in Mouth of Wilson, Virginia","Nat Hickey","Guard/Forward","Guard","Right","1902","01","30",152.4,335.28,81
"Instituto Alvaro Guiao in Sao Carlos, Brazil","Nene","Power Forward and Center","Power","Right","1982","09","13",182.88,335.28,112.5
"Benton in Benton, Kentucky","Joe Holland","Small Forward","Small","Right","1925","09","26",182.88,121.92,83.25
"Southwest Atlanta Christian Academy in Atlanta, Georgia","Dwight Howard","Power Forward and Center","Power","Right","1985","12","08",182.88,335.28,119.25
"Oak Hill Academy in Mouth of Wilson, Virginia","Marcelo Huertas","Point Guard","Point","Right","1983","05","25",182.88,91.44,90
"La Lumiere School in La Porte, Indiana","Isaac Humphries","Center","Center","Right","1998","01","05",213.36,0,114.75
"Oak Hill Academy in Mouth of Wilson, Virginia","Serge Ibaka","Power Forward and Center","Power","Right","1989","09","18",182.88,304.8,105.75
"Oak Hill Academy in Mouth of Wilson, Virginia","Zydrunas Ilgauskas","Center","Center","Right","1975","06","05",213.36,91.44,107.1
"Oak Hill Academy in Mouth of Wilson, Virginia","Mile Ilic","Center","Center","Right","1984","06","02",213.36,30.48,103.5
"Oak Hill Academy in Mouth of Wilson, Virginia","D.J. Mbenga","Center","Center","Right","1980","12","30",213.36,0,110.25
"Oak Hill Academy in Mouth of Wilson, Virginia","Ersan Ilyasova","Power Forward","Power","Right","1987","05","15",182.88,304.8,105.75
"Lake Ginninderra in Canberra, Australia","Joe Ingles","Power Forward and Small Forward","Power","Left","1987","10","02",182.88,243.84,101.7
"Oak Hill Academy in Mouth of Wilson, Virginia","Damien Inglis","Small Forward","Small","Right","1995","05","20",182.88,243.84,110.7
"Batavia in Batavia, Illinois","Dan Issel","Center and Power Forward","Center","Right","1948","10","25",182.88,274.32,105.75
"Saint Vincent-Saint Mary in Akron, Ohio","LeBron James","Shooting Guard and Small Forward and Power Forward","Shooting","Right","1984","12","30",182.88,243.84,112.5
"Oak Hill Academy in Mouth of Wilson, Virginia","Marko Jaric","Shooting Guard and Small Forward and Point Guard","Shooting","Right","1978","10","12",182.88,213.36,89.1
"Prentiss in Prentiss, Mississippi","Al Jefferson","Power Forward and Center","Power","Right","1985","01","04",182.88,304.8,130.05
"Oak Hill Academy in Mouth of Wilson, Virginia","Brandon Jennings","Point Guard","Point","Left","1989","09","23",182.88,30.48,76.5
"Oak Hill Academy in Mouth of Wilson, Virginia","Jonas Jerebko","Power Forward","Power","Right","1987","03","02",182.88,304.8,103.95
"Oak Hill Academy in Mouth of Wilson, Virginia","Yi Jianlian","Power Forward","Power","Right","1987","10","27",213.36,0,108
"Westchester in Los Angeles, California","Amir Johnson","Center and Small Forward and Power Forward","Center","Right","1987","05","01",182.88,274.32,108
"Montverde Academy in Montverde, Florida","Dakari Johnson","Center","Center","Right","1995","09","22",213.36,0,114.75
"Union County in Union County, Kentucky","Larry Johnson","Shooting Guard","Shooting","Right","1954","11","28",182.88,91.44,92.25
"Oak Hill Academy in Mouth of Wilson, Virginia","Nikola Jokic","Center","Center","Right","1995","02","19",213.36,0,112.5
"Jefferson in Portland, Oregon","Terrence Jones","Power Forward","Power","Left","1992","01","09",182.88,274.32,113.4
"Harlan in Harlan, Kentucky","Wah Wah Jones","Power Forward","Power","Right","1926","07","14",182.88,121.92,101.25
"Stoneridge Preparatory School in Simi Valley, California","Enes Kanter","Center","Center","Right","1992","05","20",182.88,335.28,112.5
"Oak Hill Academy in Mouth of Wilson, Virginia","Tony Kappen","Guard","Guard","Right","1919","04","13",152.4,304.8,74.25
"Oak Hill Academy in Mouth of Wilson, Virginia","Sergey Karasev","Shooting Guard and Small Forward","Shooting","Left","1993","10","26",182.88,213.36,93.6
"Oak Hill Academy in Mouth of Wilson, Virginia","Ed Kasid","Guard","Guard","Right","1923","08","13",152.4,335.28,83.25
"Oak Hill Academy in Mouth of Wilson, Virginia","Mario Kasun","Center","Center","Right","1980","04","05",213.36,30.48,117
"Oak Hill Academy in Mouth of Wilson, Virginia","Viktor Khryapa","Small Forward and Power Forward","Small","Right","1982","08","03",182.88,274.32,94.5
"Saint Patrick in Elizabeth, New Jersey","Michael Kidd-Gilchrist","Small Forward and Power Forward","Small","Right","1993","09","26",182.88,213.36,104.4
"Frunzenskaya Sport School in Saint Petersburg, Russia","Andrei Kirilenko","Small Forward and Power Forward","Small","Right","1981","02","18",182.88,274.32,99
"Oak Hill Academy in Mouth of Wilson, Virginia","Maxi Kleber","Power Forward","Power","Right","1992","01","29",182.88,335.28,108
"Weaver in Hartford, Connecticut","Bob Knight","Guard/Forward","Guard","Right","1929","04","30",182.88,60.96,83.25
"Pine Crest School in Fort Lauderdale, Florida","Brandon Knight","Point Guard and Shooting Guard","Point","Right","1991","12","02",182.88,91.44,87.75
"Tampa Catholic in Tampa, Florida","Kevin Knox","Power Forward","Power","Right","1999","08","11",182.88,274.32,96.75
"Oak Hill Academy in Mouth of Wilson, Virginia","Furkan Korkmaz","Shooting Guard","Shooting","Right","1997","07","24",182.88,213.36,85.5
"Oak Hill Academy in Mouth of Wilson, Virginia","Yaroslav Korolev","Small Forward","Small","Right","1987","05","07",182.88,274.32,91.35
"Oak Hill Academy in Mouth of Wilson, Virginia","Viacheslav Kravtsov","Center","Center","Right","1987","08","25",213.36,0,117
"Tell City in Tell City, Indiana","Tommy Kron","Shooting Guard","Shooting","Right","1943","02","28",182.88,152.4,90
"Oak Hill Academy in Mouth of Wilson, Virginia","Nenad Krstic","Center and Power Forward","Center","Right","1983","07","25",213.36,0,108
"Oak Hill Academy in Mouth of Wilson, Virginia","Toni Kukoc","Power Forward and Small Forward","Power","Left","1968","09","18",182.88,304.8,86.4
"Oak Hill Academy in Mouth of Wilson, Virginia","Rodions Kurucs","Small Forward","Small","Right","1998","02","05",182.88,274.32,94.5
"Oak Hill Academy in Mouth of Wilson, Virginia","Ibo Kutluay","Shooting Guard","Shooting","Right","1974","07","01",182.88,182.88,90
"Oak Hill Academy in Mouth of Wilson, Virginia","Ognjen Kuzmic","Center","Center","Right","1990","05","16",213.36,30.48,112.95
"Oak Hill Academy in Mouth of Wilson, Virginia","Mindaugas Kuzminskas","Small Forward","Small","Right","1989","10","19",182.88,274.32,96.75
"Lausanne Collegiate School in Memphis, Tennessee","Skal Labissiere","Power Forward","Power","Right","1996","03","18",182.88,335.28,105.75
"Oak Hill Academy in Mouth of Wilson, Virginia","Doron Lamb","Shooting Guard","Shooting","Right","1991","11","06",182.88,121.92,94.5
"Oak Hill Academy in Mouth of Wilson, Virginia","Maciej Lampe","Center","Center","Right","1985","02","05",182.88,335.28,123.75
"Central Park Christian in Birmingham, Alabama","James Lang","Center","Center","Right","1983","10","17",182.88,304.8,128.25
"Oak Hill Academy in Mouth of Wilson, Virginia","Nicolas Laprovittola","Point Guard","Point","Right","1990","01","31",182.88,121.92,81
"Oak Hill Academy in Mouth of Wilson, Virginia","Joffrey Lauvergne","Center and Power Forward","Center","Right","1991","09","30",182.88,335.28,99
"South Kent in South Kent, Connecticut","Ricky Ledo","Shooting Guard","Shooting","Right","1992","09","10",182.88,213.36,87.75
"Alief Elsik in Houston, Texas","Rashard Lewis","Small Forward and Power Forward","Small","Right","1979","08","08",182.88,304.8,96.75
"Findlay College Prep in Las Vegas, Nevada","DeAndre Liggins","Shooting Guard and Small Forward","Shooting","Right","1988","03","31",182.88,182.88,94.05
"Kokomo in Kokomo, Indiana","Goose Ligon","Power Forward","Power","Right","1944","02","22",182.88,213.36,94.5
"Peoria Central in Peoria, Illinois","Shaun Livingston","Shooting Guard and Point Guard","Shooting","Right","1985","09","11",182.88,213.36,86.4
"Reedley in Reedley, California","Rob Lock","Power Forward","Power","Right","1966","05","22",182.88,274.32,101.25
"Oak Hill Academy in Mouth of Wilson, Virginia","Raul Lopez","Point Guard","Point","Right","1980","04","15",182.88,30.48,76.5
"Oak Hill Academy in Mouth of Wilson, Virginia","Timothe Luwawu-Cabarrot","Small Forward","Small","Right","1995","05","09",182.88,182.88,94.5
"Arsenal Tech in Indianapolis, Indiana","Trey Lyles","Power Forward","Power","Right","1995","11","05",182.88,304.8,105.3
"Oak Hill Academy in Mouth of Wilson, Virginia","Arvydas Macijauskas","Shooting Guard","Shooting","Right","1980","01","19",182.88,121.92,96.3
"Eastern School of Commerce in Toronto, Canada","Jamaal Magloire","Center","Center","Right","1978","05","21",182.88,335.28,116.55
"Oak Hill Academy in Mouth of Wilson, Virginia","Ian Mahinmi","Center","Center","Right","1986","11","05",182.88,335.28,117.9
"Athlete Institute Academy in Mono, Canada","Thon Maker","Center and Power Forward","Center","Right","1997","02","25",213.36,30.48,99.45
"Petersburg in Petersburg, Virginia","Moses Malone","Power Forward and Center","Power","Right","1955","03","23",182.88,304.8,96.75
"Oak Hill Academy in Mouth of Wilson, Virginia","Sarunas Marciulionis","Small Forward and Shooting Guard","Small","Left","1964","06","13",182.88,152.4,90
"Oak Hill Academy in Mouth of Wilson, Virginia","Boban Marjanovic","Center","Center","Right","1988","08","15",213.36,91.44,130.5
"Oak Hill Academy in Mouth of Wilson, Virginia","Damir Markota","Power Forward","Power","Right","1985","12","26",182.88,304.8,101.25
"Estudiantes in Madrid, Spain","Fernando Martin","Center","Center","Right","1962","03","25",182.88,274.32,99
"Cardinal Hayes in Bronx, New York","Jamal Mashburn","Small Forward","Small","Right","1972","11","29",182.88,243.84,108
"Harrison in Evansville, Indiana","Walter McCarty","Small Forward and Power Forward","Small","Right","1974","02","01",182.88,304.8,103.5
"Mount Zion Christian Academy in Durham, North Carolina","Tracy McGrady","Shooting Guard and Small Forward","Shooting","Right","1979","05","24",182.88,243.84,94.5
"Oak Hill Academy in Mouth of Wilson, Virginia","Stanislav Medvedenko","Power Forward and Center","Power","Right","1979","04","04",182.88,304.8,112.5
"Norcross in Norcross, Georgia","Jodie Meeks","Shooting Guard","Shooting","Right","1987","08","21",182.88,121.92,94.5
"Oak Hill Academy in Mouth of Wilson, Virginia","Salah Mejri","Center","Center","Right","1986","06","15",213.36,60.96,105.75
"Oak Hill Academy in Mouth of Wilson, Virginia","Ron Mercer","Small Forward and Shooting Guard","Small","Right","1976","05","18",182.88,213.36,94.5
"Oak Hill Academy in Mouth of Wilson, Virginia","Stan Miasek","Power Forward and Small Forward","Power","Right","1923","09","19",182.88,152.4,94.5
"Ford City in Ford City, Pennsylvania","Red Mihalik","Guard","Guard","Right","1916","09","22",182.88,0,81
"Skyline in Dallas, Texas","C.J. Miles","Shooting Guard and Small Forward and Point Guard","Shooting","Left","1987","03","18",182.88,182.88,99
"East St. Louis in East St. Louis, Illinois","Darius Miles","Small Forward","Small","Right","1981","10","09",182.88,274.32,94.5
"Kranj in Kranj, Slovenia","Marko Milic","Shooting Guard and Small Forward","Shooting","Right","1977","05","07",182.88,182.88,105.75
"Hemiska in Novi Sad, Serbia","Darko Milicic","Power Forward and Center","Power","Left","1985","06","20",213.36,0,112.5
"Mason County in Maysville, Kentucky","Darius Miller","Small Forward","Small","Right","1990","03","21",182.88,243.84,101.25
"Oak Hill Academy in Mouth of Wilson, Virginia","Yao Ming","Center","Center","Right","1980","09","12",213.36,182.88,139.5
"Lafayette in Lexington, Kentucky","Dirk Minniefield","Point Guard","Point","Right","1961","01","17",182.88,91.44,81
"Oak Hill Academy in Mouth of Wilson, Virginia","Nikola Mirotic","Power Forward","Power","Right","1991","02","11",182.88,304.8,112.5
"Kenwood in Chicago, Illinois","Nazr Mohammed","Center","Center","Right","1977","09","05",182.88,304.8,99.45
"Oak Hill Academy in Mouth of Wilson, Virginia","Sergei Monia","Small Forward","Small","Right","1983","04","15",182.88,243.84,99
"Bentonville in Bentonville, Arkansas","Malik Monk","Shooting Guard","Shooting","Right","1998","02","04",182.88,91.44,90
"Oak Hill Academy in Mouth of Wilson, Virginia","Larry Moore","Forward","Forward","Right","1948","07","26",182.88,213.36,96.75
"Landmark Christian School in Fairburn, Georgia","Randolph Morris","Center and Power Forward","Center","Right","1986","01","02",182.88,304.8,119.7
"Oak Hill Academy in Mouth of Wilson, Virginia","Donatas Motiejunas","Power Forward","Power","Left","1990","09","20",213.36,0,99.9
"Oak Hill Academy in Mouth of Wilson, Virginia","Timofey Mozgov","Center","Center","Right","1986","07","16",213.36,30.48,123.75
"Prime Prep Academy in Dallas, Texas","Emmanuel Mudiay","Point Guard","Point","Right","1996","03","05",182.88,152.4,90
"Oak Hill Academy in Mouth of Wilson, Virginia","Gheorghe Muresan","Center","Center","Right","1971","02","14",213.36,213.36,136.35
"Simon Gratz in Philadelphia, Pennsylvania","John Murphy","Forward","Forward","Right","1924","09","13",182.88,60.96,78.75
"Orangeville Prep in Orangeville, Canada","Jamal Murray","Shooting Guard and Point Guard","Shooting","Right","1997","02","23",182.88,121.92,93.15
"Oak Hill Academy in Mouth of Wilson, Virginia","Dzanan Musa","Shooting Guard","Shooting","Right","1999","05","08",182.88,274.32,93.6
"Oak Hill Academy in Mouth of Wilson, Virginia","Martin Muursepp","Power Forward","Power","Right","1974","09","26",182.88,274.32,105.75
"Oak Hill Academy in Mouth of Wilson, Virginia","Boniface N'Dong","Center","Center","Right","1977","03","09",213.36,0,89.1
"Oak Hill Academy in Mouth of Wilson, Virginia","Bostjan Nachbar","Power Forward and Small Forward","Power","Right","1980","07","03",182.88,274.32,99.45
"Lake Charles in Lake Charles, Louisiana","Cotton Nash","Small Forward","Small","Right","1942","07","24",182.88,152.4,96.75
"Oak Hill Academy in Mouth of Wilson, Virginia","Juan Carlos Navarro","Shooting Guard","Shooting","Right","1980","06","13",182.88,91.44,76.5
"Oak Hill Academy in Mouth of Wilson, Virginia","Nemanja Nedovic","Shooting Guard","Shooting","Right","1991","06","16",182.88,91.44,86.4
"Gymnasium in Sremski Karlovci, Slovenia","Rasho Nesterovic","Center","Center","Right","1976","05","30",213.36,0,111.6
"Oak Hill Academy in Mouth of Wilson, Virginia","Raul Neto","Point Guard","Point","Right","1992","05","19",182.88,30.48,80.55
"Oak Hill Academy in Mouth of Wilson, Virginia","Andres Nocioni","Small Forward and Power Forward","Small","Right","1979","11","30",182.88,213.36,101.25
"Tilton in Tilton, New Hampshire","Nerlens Noel","Power Forward and Center","Power","Right","1994","04","10",182.88,335.28,99
"Oak Hill Academy in Mouth of Wilson, Virginia","Paul Noel","Forward","Forward","Right","1924","08","17",182.88,121.92,83.25
"Oak Hill Academy in Mouth of Wilson, Virginia","Lucas Nogueira","Center","Center","Right","1992","07","26",213.36,0,108.45
"Rontgen Gymnasium in Wurzburg, Germany","Dirk Nowitzki","Power Forward and Center","Power","Right","1978","06","19",213.36,0,110.25
"Oak Hill Academy in Mouth of Wilson, Virginia","Frank Ntilikina","Point Guard","Point","Right","1998","07","28",182.88,182.88,90
"Oak Hill Academy in Mouth of Wilson, Virginia","Jusuf Nurkic","Center","Center","Right","1994","08","23",213.36,0,123.75
"Eau Claire in Columbia, South Carolina","Jermaine O'Neal","Power Forward and Center","Power","Right","1978","10","13",182.88,335.28,101.7
"Oak Hill Academy in Mouth of Wilson, Virginia","Fabricio Oberto","Power Forward and Center","Power","Right","1975","03","21",182.88,304.8,110.25
"Oak Hill Academy in Mouth of Wilson, Virginia","Tim Ohlbrecht","Center","Center","Right","1988","08","30",182.88,335.28,114.75
"Oak Hill Academy in Mouth of Wilson, Virginia","Elie Okobo","Point Guard","Point","Left","1997","10","23",182.88,91.44,85.5
"Cem Sultan in Gazcilar Bursa, Turkey","Mehmet Okur","Power Forward and Center","Power","Right","1979","05","26",182.88,335.28,112.05
"Bishop McGuiness in Oklahoma City, Oklahoma","Daniel Orton","Center and Power Forward","Center","Right","1990","08","06",182.88,304.8,114.75
"Oak Hill Academy in Mouth of Wilson, Virginia","Cedi Osman","Small Forward","Small","Right","1995","04","08",182.88,243.84,96.75
"Starkville in Starkville, Mississippi","Travis Outlaw","Power Forward and Small Forward","Power","Right","1984","09","18",182.88,274.32,94.5
"Community in Ibadan, Nigeria","Olumide Oyedeji","Center","Center","Right","1981","05","11",182.88,304.8,108
"Oak Hill Academy in Mouth of Wilson, Virginia","Zaza Pachulia","Center","Center","Right","1984","02","10",182.88,335.28,121.5
"Saint Xavier in Louisville, Kentucky","Scott Padgett","Power Forward","Power","Right","1976","04","19",182.88,274.32,108
"Westtown in West Chester, Pennsylvania","Georgios Papagiannis","Center","Center","Right","1997","07","03",213.36,30.48,108
"Oak Hill Academy in Mouth of Wilson, Virginia","Kostas Papanikolaou","Small Forward","Small","Left","1990","07","31",182.88,243.84,101.25
"Oak Hill Academy in Mouth of Wilson, Virginia","Tony Parker","Point Guard","Point","Right","1982","05","17",182.88,60.96,83.25
"Yorktown in Yorktown, Indiana","Jack Parkinson","Guard","Guard","Right","1924","03","04",182.88,0,78.3
"Oak Hill Academy in Mouth of Wilson, Virginia","Zarko Paspalj","Small Forward","Small","Left","1966","03","27",182.88,274.32,96.75
"Huntington in Huntington, West Virginia","Patrick Patterson","Power Forward","Power","Right","1989","03","14",182.88,274.32,103.5
"Oak Hill Academy in Mouth of Wilson, Virginia","Sasha Pavlovic","Small Forward and Shooting Guard","Small","Right","1983","11","15",182.88,243.84,99
"Shawnee in Louisville, Kentucky","Tom Payne","Center","Center","Right","1950","11","19",213.36,60.96,108
"Oak Hill Academy in Mouth of Wilson, Virginia","Oleksiy Pecherov","Center","Center","Right","1985","12","08",213.36,0,104.4
"Oak Hill Academy in Mouth of Wilson, Virginia","Nikola Pekovic","Center","Center","Right","1986","01","03",182.88,335.28,138.15
"Clifton J. Ozen in Beaumont, Texas","Kendrick Perkins","Center","Center","Right","1984","11","10",182.88,304.8,121.5
"Oak Hill Academy in Mouth of Wilson, Virginia","Kosta Perovic","Center","Center","Right","1985","02","19",213.36,60.96,108
"Oak Hill Academy in Mouth of Wilson, Virginia","Johan Petro","Center","Center","Right","1986","01","27",213.36,0,111.15
"Sibenik in Sibenik, Croatia","Drazen Petrovic","Shooting Guard","Shooting","Right","1964","10","22",182.88,152.4,87.75
"Oak Hill Academy in Mouth of Wilson, Virginia","Mickael Pietrus","Point Guard and Small Forward and Shooting Guard","Point","Right","1982","02","07",182.88,182.88,96.75
"Oak Hill Academy in Mouth of Wilson, Virginia","Zoran Planinic","Point Guard and Shooting Guard","Point","Right","1982","09","12",182.88,213.36,87.75
"Oak Hill Academy in Mouth of Wilson, Virginia","Tibor Pleiss","Center","Center","Right","1989","11","02",213.36,91.44,115.2
"Oak Hill Academy in Mouth of Wilson, Virginia","Pavel Podkolzin","Center","Center","Right","1985","01","15",213.36,152.4,117
"Oak Hill Academy in Mouth of Wilson, Virginia","Kristaps Porzingis","Power Forward","Power","Right","1995","08","02",213.36,91.44,108
"Northeast in Clarksville, Tennessee","Alex Poythress","Power Forward","Power","Right","1993","09","06",182.88,274.32,105.75
"Meadowdale in Dayton, Ohio","Mike Pratt","Shooting Guard","Shooting","Right","1948","08","04",182.88,121.92,87.75
"Oak Hill Academy in Mouth of Wilson, Virginia","Pablo Prigioni","Point Guard","Point","Right","1977","05","17",182.88,91.44,83.25
"Dominguez in Compton, California","Tayshaun Prince","Small Forward","Small","Left","1980","02","28",182.88,274.32,95.4
"Oak Hill Academy in Mouth of Wilson, Virginia","Zhou Qi","Power Forward and Center","Power","Right","1996","01","16",213.36,30.48,94.5
"Technical School Ctr in Split, Croatia","Dino Radja","Power Forward and Center","Power","Right","1967","04","24",182.88,335.28,101.25
"Oak Hill Academy in Mouth of Wilson, Virginia","Vladimir Radmanovic","Small Forward and Power Forward","Small","Right","1980","11","19",182.88,304.8,102.15
"Oak Hill Academy in Mouth of Wilson, Virginia","Miroslav Raduljica","Center","Center","Right","1988","01","05",213.36,0,112.5
"Oak Hill Academy in Mouth of Wilson, Virginia","Igor Rakocevic","Point Guard","Point","Right","1978","03","29",182.88,91.44,82.35
"Oak Hill Academy in Mouth of Wilson, Virginia","Peter John Ramos","Center","Center","Right","1985","05","13",213.36,91.44,123.75
"Madisonville in Madisonville, Kentucky","Frank Ramsey","Shooting Guard and Small Forward","Shooting","Right","1931","07","13",182.88,91.44,85.5
"Prestonwood Christian in Plano, Texas","Julius Randle","Power Forward and Center","Power","Left","1994","11","29",182.88,274.32,112.5
"Oak Hill Academy in Mouth of Wilson, Virginia","George Ratkovicz","Power Forward","Power","Right","1922","11","13",182.88,182.88,99
"Oak Hill Academy in Mouth of Wilson, Virginia","Zeljko Rebraca","Center","Center","Right","1972","04","09",213.36,0,115.65
"Oak Hill Academy in Mouth of Wilson, Virginia","Efthimi Rentzias","Center","Center","Right","1976","01","11",182.88,335.28,112.5
"Oak Hill Academy in Mouth of Wilson, Virginia","Antoine Rigaudeau","Shooting Guard","Shooting","Right","1971","12","17",182.88,213.36,94.5
"Linton in Schenectady, New York","Pat Riley","Shooting Guard and Small Forward","Shooting","Right","1945","03","20",182.88,121.92,92.25
"Brother Martin in New Orleans, Louisiana","Rick Robey","Center","Center","Right","1956","01","30",182.88,335.28,103.5
"Chalmette in Chalmette, Louisiana","Mitchell Robinson","Center","Center","Right","1998","04","01",213.36,30.48,108
"Oak Hill Academy in Mouth of Wilson, Virginia","Sergio Rodriguez","Point Guard","Point","Right","1986","06","12",182.88,91.44,79.2
"Wickliffe in Wickliffe, Kentucky","Kenny Rollins","Point Guard","Point","Right","1923","09","14",182.88,0,75.6
"Oak Hill Academy in Mouth of Wilson, Virginia","Rajon Rondo","Point Guard","Point","Right","1986","02","22",182.88,30.48,83.7
"Oak Hill Academy in Mouth of Wilson, Virginia","Ricky Rubio","Point Guard","Point","Right","1990","10","21",182.88,121.92,85.5
"Oak Hill Academy in Mouth of Wilson, Virginia","Damjan Rudez","Small Forward","Small","Right","1986","06","17",182.88,304.8,102.6
"Oak Hill Academy in Mouth of Wilson, Virginia","Stefano Rusconi","Power Forward","Power","Right","1968","10","02",182.88,274.32,108
"Oak Hill Academy in Mouth of Wilson, Virginia","Arvydas Sabonis","Center","Center","Right","1964","12","19",213.36,91.44,125.55
"Oak Hill Academy in Mouth of Wilson, Virginia","Soumaila Samake","Center","Center","Right","1978","03","18",213.36,0,103.5
"Oak Hill Academy in Mouth of Wilson, Virginia","Cheikh Samb","Center","Center","Right","1984","10","22",213.36,30.48,110.25
"Oak Hill Academy in Mouth of Wilson, Virginia","Dario Saric","Power Forward","Power","Right","1994","04","08",182.88,304.8,100.35
"Oak Hill Academy in Mouth of Wilson, Virginia","Tomas Satoransky","Shooting Guard and Point Guard","Shooting","Right","1991","10","30",182.88,213.36,94.5
"Oak Hill Academy in Mouth of Wilson, Virginia","Dennis Schroder","Point Guard","Point","Right","1993","09","15",182.88,30.48,77.4
"Oak Hill Academy in Mouth of Wilson, Virginia","Luis Scola","Power Forward","Power","Right","1980","04","30",182.88,274.32,108
"Oak Hill Academy in Mouth of Wilson, Virginia","Thabo Sefolosha","Small Forward and Shooting Guard","Small","Right","1984","05","02",182.88,213.36,99
"Oak Hill Academy in Mouth of Wilson, Virginia","Mouhamed Sene","Center","Center","Right","1986","05","12",182.88,335.28,103.5
"Oak Hill Academy in Mouth of Wilson, Virginia","Kevin Seraphin","Power Forward and Center","Power","Right","1989","12","07",182.88,274.32,128.25
"Samil Commercial in Suwon, Republic of Korea","Ha Seung-Jin","Center","Center","Right","1985","08","04",213.36,91.44,137.25
"James Monroe in Bronx, New York","Nick Shaback","Guard","Guard","Right","1918","09","10",152.4,335.28,81
"Oak Hill Academy in Mouth of Wilson, Virginia","Tornike Shengelia","Small Forward","Small","Right","1991","10","05",182.88,274.32,97.65
"McIntosh in Peachtree City, Georgia","Jeff Sheppard","Shooting Guard","Shooting","Right","1974","09","29",182.88,91.44,85.5
"Oak Hill Academy in Mouth of Wilson, Virginia","Alexey Shved","Shooting Guard","Shooting","Right","1988","12","16",182.88,182.88,85.5
"Flushing in Flushing, New York","Connie Simmons","Center and Power Forward","Center","Right","1925","03","15",182.88,243.84,99.9
"IMG Academy in Bradenton, Florida","Anfernee Simons","Shooting Guard","Shooting","Right","1999","06","08",182.88,121.92,83.25
"Oak Hill Academy in Mouth of Wilson, Virginia","Uros Slokar","Center","Center","Left","1983","05","14",182.88,304.8,107.1
"Farmington in Farmington, Kentucky","Adrian Smith","Shooting Guard","Shooting","Right","1936","10","05",182.88,30.48,81
"Saint Benedict's Preparatory School in Newark, New Jersey","J.R. Smith","Small Forward and Shooting Guard","Small","Right","1985","09","09",182.88,182.88,101.25
"Oak Hill Academy in Mouth of Wilson, Virginia","Josh Smith","Small Forward and Power Forward","Small","Left","1985","12","05",182.88,274.32,101.25
"Martin Luther King in Chicago, Illinois","Leon Smith","Center","Center","Right","1980","11","02",182.88,304.8,105.75
"Oak Hill Academy in Mouth of Wilson, Virginia","Vassilis Spanoulis","Shooting Guard","Shooting","Right","1982","08","07",182.88,121.92,87.75
"Oak Hill Academy in Mouth of Wilson, Virginia","Tiago Splitter","Center and Power Forward","Center","Right","1985","01","01",182.88,335.28,110.25
"Oak Hill Academy in Mouth of Wilson, Virginia","Jim Springer","Center","Center","Right","1926","06","17",182.88,274.32,105.75
"Central Catholic in Fort Wayne, Indiana","Ed Stanczak","Forward","Forward","Right","1921","08","15",182.88,30.48,83.25
"Bainbridge in Bainbridge, Indiana","Larry Steele","Small Forward and Shooting Guard","Small","Right","1949","05","05",182.88,152.4,81
"Oak Hill Academy in Mouth of Wilson, Virginia","Vladimir Stepania","Center","Center","Right","1976","05","08",213.36,0,106.2
"Washington Union in Fresno, California","DeShawn Stevenson","Small Forward and Shooting Guard","Small","Right","1981","04","03",182.88,152.4,94.5
"Oak Hill Academy in Mouth of Wilson, Virginia","Peja Stojakovic","Small Forward","Small","Right","1977","06","09",182.88,274.32,99
"Cypress Creek in Orlando, Florida","Amar'e Stoudemire","Center and Power Forward","Center","Right","1982","11","16",182.88,304.8,110.25
"Winchendon School in Winchendon, Massachusetts","Bruno Sundov","Center","Center","Right","1980","02","10",213.36,60.96,99
"Bakersfield in Bakersfield, California","Robert Swift","Center","Center","Right","1985","12","03",213.36,0,110.25
"Oak Hill Academy in Mouth of Wilson, Virginia","Pape Sy","Small Forward","Small","Right","1988","04","05",182.88,213.36,101.25
"Split in Split, Croatia","Zan Tabak","Center","Center","Right","1970","06","15",213.36,0,110.25
"Oak Hill Academy in Mouth of Wilson, Virginia","Dragan Tarlac","Center","Center","Right","1973","05","09",182.88,304.8,117
"Oak Hill Academy in Mouth of Wilson, Virginia","Edy Tavares","Center","Center","Right","1992","03","22",213.36,91.44,117
"Pike in Indianapolis, Indiana","Marquis Teague","Point Guard and Shooting Guard","Point","Right","1993","02","28",182.88,60.96,85.05
"Oak Hill Academy in Mouth of Wilson, Virginia","Mirza Teletovic","Small Forward and Power Forward","Small","Right","1985","09","18",182.88,274.32,108.9
"Abraham Lincoln in Brooklyn, New York","Sebastian Telfair","Point Guard","Point","Right","1985","06","09",182.88,0,74.25
"Oak Hill Academy in Mouth of Wilson, Virginia","Milos Teodosic","Point Guard","Point","Right","1987","03","19",182.88,152.4,88.2
"Oak Hill Academy in Mouth of Wilson, Virginia","Daniel Theis","Center","Center","Right","1992","04","04",182.88,243.84,109.35
"Trimble in Bedford, Kentucky","Jack Tingle","Forward","Forward","Right","1924","12","30",182.88,121.92,92.25
"Oak Hill Academy in Mouth of Wilson, Virginia","Oscar Torres","Shooting Guard","Shooting","Right","1976","12","18",182.88,182.88,94.5
"Oak Hill Academy in Mouth of Wilson, Virginia","Axel Toupane","Small Forward","Small","Right","1992","07","23",182.88,213.36,88.65
"St. Joseph in Metuchen, New Jersey","Karl-Anthony Towns","Center","Center","Right","1995","11","15",213.36,0,111.6
"Oak Hill Academy in Mouth of Wilson, Virginia","Cezary Trybanski","Center","Center","Right","1979","09","22",213.36,60.96,108
"Oak Hill Academy in Mouth of Wilson, Virginia","Jake Tsakalidis","Center","Center","Right","1979","06","10",213.36,60.96,128.25
"English in Lynn, Massachusetts","Lou Tsioropoulos","Small Forward","Small","Right","1930","08","31",182.88,152.4,85.5
"Oak Hill Academy in Mouth of Wilson, Virginia","Nikoloz Tskitishvili","Small Forward and Power Forward","Small","Right","1983","04","14",213.36,0,101.25
"Oak Hill Academy in Mouth of Wilson, Virginia","Mirsad Turkcan","Power Forward","Power","Right","1976","06","07",182.88,274.32,106.2
"Oak Hill Academy in Mouth of Wilson, Virginia","Hedo Turkoglu","Power Forward and Small Forward","Power","Right","1979","03","19",182.88,304.8,99
"Beaver Country Day in Chestnut Hill, Massachusetts","Wayne Turner","Point Guard","Point","Right","1976","03","22",182.88,60.96,85.5
"Bryan Station in Lexington, Kentucky","Melvin Turpin","Center","Center","Right","1960","12","28",182.88,335.28,108
"San Diego in San Diego, California","Jeremy Tyler","Center","Center","Right","1991","06","21",182.88,304.8,117
"Oak Hill Academy in Mouth of Wilson, Virginia","Beno Udrih","Shooting Guard and Point Guard","Shooting","Left","1982","07","05",182.88,91.44,92.25
"Oak Hill Academy in Mouth of Wilson, Virginia","Roko Ukic","Point Guard","Point","Right","1984","05","12",182.88,152.4,82.35
"Marian Catholic in Chicago Heights, Illinois","Tyler Ulis","Point Guard","Point","Right","1996","01","05",152.4,304.8,72
"Oak Hill Academy in Mouth of Wilson, Virginia","Jonas Valanciunas","Center","Center","Right","1992","05","06",213.36,0,119.25
"Victory Prep Academy in Houston, Texas","Jarred Vanderbilt","Power Forward","Power","Right","1999","04","03",182.88,274.32,96.3
"Oak Hill Academy in Mouth of Wilson, Virginia","Ratko Varda","Center","Center","Right","1979","05","06",213.36,30.48,117
"Oak Hill Academy in Mouth of Wilson, Virginia","Anderson Varejao","Power Forward and Center","Power","Right","1982","09","28",182.88,304.8,122.85
"Oak Hill Academy in Mouth of Wilson, Virginia","Jan Vesely","Power Forward","Power","Right","1990","04","24",182.88,335.28,108
"Oak Hill Academy in Mouth of Wilson, Virginia","Gundars Vetra","Small Forward","Small","Right","1967","05","22",182.88,182.88,87.75
"Oak Hill Academy in Mouth of Wilson, Virginia","Joao Vianna","Small Forward","Small","Right","1966","11","15",182.88,274.32,96.75
"Oak Hill Academy in Mouth of Wilson, Virginia","Marcus Vinicius","Small Forward","Small","Right","1984","05","31",182.88,243.84,101.25
"Oak Hill Academy in Mouth of Wilson, Virginia","Alexander Volkov","Center","Center","Right","1964","03","28",182.88,304.8,98.1
"Oak Hill Academy in Mouth of Wilson, Virginia","Slavko Vranes","Center","Center","Right","1983","01","30",213.36,152.4,123.75
"Oak Hill Academy in Mouth of Wilson, Virginia","Stojko Vrankovic","Center","Center","Right","1964","01","22",213.36,60.96,117
"Oak Hill Academy in Mouth of Wilson, Virginia","Sasha Vujacic","Point Guard and Shooting Guard","Point","Right","1984","03","08",182.88,213.36,87.75
"Mount Carmel in Chicago, Illinois","Antoine Walker","Power Forward","Power","Right","1976","08","12",182.88,243.84,100.8
"Crawford County in Roberta, Georgia","Kenny Walker","Power Forward and Small Forward","Power","Right","1964","08","18",182.88,243.84,94.5
"Word of God Academy in Raleigh, North Carolina","John Wall","Point Guard","Point","Right","1990","09","06",182.88,121.92,94.5
"Benjamin Franklin in New York, New York","Isaac Walthour","Guard","Guard","Right","1930","08","25",152.4,335.28,73.35
"Duncanville High School in Duncanville, Texas","Julian Washburn","Small Forward","Small","Right","1991","12","18",182.88,243.84,94.5
"Owensboro in Owensboro, Kentucky","Bobby Watson","Point Guard","Point","Right","1930","03","22",182.88,0,72
"Seattle Preparatory School in Seattle, Washington","Martell Webster","Small Forward","Small","Right","1986","12","04",182.88,213.36,103.5
"Oak Hill Academy in Mouth of Wilson, Virginia","Jiri Welsch","Small Forward and Shooting Guard","Small","Right","1980","01","27",182.88,213.36,93.6
"Sarasota in Sarasota, Florida","Skippy Whitaker","Point Guard","Point","Right","1930","08","29",182.88,30.48,81
"South Gwinnett in Snellville, Georgia","Lou Williams","Shooting Guard and Point Guard","Shooting","Right","1986","10","27",182.88,30.48,78.75
"Dwight Morrow in Englewood, New Jersey","Bill Willoughby","Small Forward","Small","Right","1957","05","20",182.88,243.84,92.25
"Oak Hill Academy in Mouth of Wilson, Virginia","Ruben Wolkowyski","Power Forward","Power","Right","1973","09","30",182.88,304.8,121.5
"South Kent School in South Kent, Connecticut","Dorell Wright","Small Forward","Small","Right","1985","12","02",182.88,274.32,92.25
"Oak Hill Academy in Mouth of Wilson, Virginia","Guerschon Yabusele","Power Forward","Power","Right","1995","12","17",182.88,243.84,117
"Rochester in Rochester Hills, Michigan","James Young","Shooting Guard","Shooting","Left","1995","08","16",182.88,182.88,96.75
"Hargrave Military Academy in Chatham, Virginia","Korleone Young","Small Forward","Small","Right","1978","12","31",182.88,213.36,95.85
"Oak Hill Academy in Mouth of Wilson, Virginia","Sun Yue","Shooting Guard","Shooting","Left","1985","11","06",182.88,274.32,92.25
"Oak Hill Academy in Mouth of Wilson, Virginia","Wang Zhizhi","Center","Center","Left","1977","07","08",213.36,0,114.75
"Oak Hill Academy in Mouth of Wilson, Virginia","Paul Zipser","Small Forward","Small","Right","1994","02","18",182.88,243.84,96.75
"Oak Hill Academy in Mouth of Wilson, Virginia","Ante Zizic","Center","Center","Right","1997","01","04",182.88,335.28,114.3
"Oak Hill Academy in Mouth of Wilson, Virginia","Ivica Zubac","Center","Center","Right","1997","03","18",213.36,30.48,108
